title;published_at;views;url;DATA REAL;PERIODO;tipo_conteudo;tempo_video;temporada;momento
CONHEÇA A LINE DA KEYD PARA A LTA SUL;2025-01-18 21:07:11+00:00;7752;https://www.youtube.com/watch?v=cvjbHL6O-hE;24/01/2025;1ş SPLIT - Pré;anuncio;18:22;1ş SPLIT;Pré
um fă mandou uma mensagem pro Trymbi graças ŕ Havit que fez a boa. o que será que ele respondeu? ??;2025-01-19 20:49:03+00:00;641;https://www.youtube.com/watch?v=DcZTIrONnfw;24/01/2025;1ş SPLIT - Pré;shorts;00:56;1ş SPLIT;Pré
KEYD É SAVICORE;2025-01-22 19:01:21+00:00;2201;https://www.youtube.com/watch?v=0Wy57Hxbq9c;28/01/2025;1ş SPLIT - Split;patrocinado;02:28;1ş SPLIT;Split
"""NÓS TROLLAMOS DEMAIS"" | Decode the Call | LTA Sul";2025-01-26 21:06:38+00:00;5719;https://www.youtube.com/watch?v=bkZ8IVdiepU;28/01/2025;1ş SPLIT - Split;na_escuta;10:33;1ş SPLIT;Split
"""É DIFÍCIL FALAR COM O KISEE..."" | Jogo Rápido da Vivo | Trymbi";2025-01-27 15:54:00+00:00;4600;https://www.youtube.com/watch?v=Er_oyu7pzgc;29/01/2025;1ş SPLIT - Split;interativo;05:50;1ş SPLIT;Split
que abalo ?? Kisee tomou do nada no Jogo Rápido da @Vivo KKKKKK;2025-01-28 15:09:51+00:00;860;https://www.youtube.com/watch?v=GiNpceKtTmY;29/01/2025;1ş SPLIT - Split;interativo;00:22;1ş SPLIT;Split
NÓS SUBESTIMAMOS ELES? | Behind the Stars | LTA Sul;2025-01-30 21:02:41+00:00;12984;https://www.youtube.com/watch?v=GXBRLTmaUOY;30/01/2025;1ş SPLIT - Split;serie_vlog;00:28:39;1ş SPLIT;Split
top 1 esporros do coach seeel #leagueoflegends #ltasul;2025-01-30 16:00:16+00:00;1242;https://www.youtube.com/watch?v=Rxg4lE3Pcsc;31/01/2025;1ş SPLIT - Split;shorts;00:54;1ş SPLIT;Split
ele pegando o Bardo no final do portal ?? #leagueoflegends #ltasul;2025-01-31 21:00:42+00:00;2107;https://www.youtube.com/watch?v=r9DnCAPU49w;01/02/2025;1ş SPLIT - Split;shorts;00:28;1ş SPLIT;Split
"""COMO PERDEMOS ISSO?"" | Decode the Call | LTA Sul";2025-01-31 16:05:34+00:00;5022;https://www.youtube.com/watch?v=E9xBiq-0KJI;04/02/2025;1ş SPLIT - Split;na_escuta;13:18;1ş SPLIT;Split
o início de um sonho… deu tudo errado #leagueoflegends #ltasul;2025-02-01 15:25:17+00:00;1757;https://www.youtube.com/watch?v=hpgTBnvtBTQ;05/02/2025;1ş SPLIT - Split;shorts;00:24;1ş SPLIT;Split
ELIMINADOS | Behind the Stars | LTA Sul;2025-02-03 21:00:48+00:00;13301;https://www.youtube.com/watch?v=or054Qe2Ou4;07/02/2025;1ş SPLIT - Split;serie_vlog;00:40:36;1ş SPLIT;Split
teríamos ido mais longe com a line antiga? #leagueoflegends #ltasul;2025-02-03 14:53:25+00:00;1157;https://www.youtube.com/watch?v=x0qB5HLgbEI;11/02/2025;1ş SPLIT - Split;shorts;00:41;1ş SPLIT;Split
cair de moto doeria menos #leagueoflegends #ltasul;2025-02-04 14:59:30+00:00;2006;https://www.youtube.com/watch?v=-M9P0W3Pj_c;12/02/2025;1ş SPLIT - Split;shorts;00:16;1ş SPLIT;Split
alguém discorda? #leagueoflegends #ltasul;2025-02-05 21:20:56+00:00;1010;https://www.youtube.com/watch?v=A3iaxmJzs00;13/02/2025;1ş SPLIT - Split;shorts;00:36;1ş SPLIT;Split
quando o SeeEL disse que essa seria a reuniăo mais difícil - e foi ?? #leagueoflegends #ltasul;2025-02-05 15:16:32+00:00;3003;https://www.youtube.com/watch?v=VpCl9u2O5is;14/02/2025;1ş SPLIT - Split;shorts;00:35;1ş SPLIT;Split
COMO OS BRASILEIROS SOAM PARA OS GRINGOS?;2025-02-06 15:46:06+00:00;5131;https://www.youtube.com/watch?v=VNSJSEpgO_c;14/02/2025;1ş SPLIT - Split;interativo;05:54;1ş SPLIT;Split
essa interaçăo tá IMPOSSÍVEL ??????;2025-02-06 15:00:24+00:00;16524;https://www.youtube.com/watch?v=N4BGYPR9M5E;15/02/2025;1ş SPLIT - Split;shorts;00:38;1ş SPLIT;Split
como pode esse telefone sem fio com os gringos ser o melhor vídeo da história;2025-02-07 21:00:43+00:00;972;https://www.youtube.com/watch?v=l8X1kt2J3Mo;17/02/2025;1ş SPLIT - Split;shorts;00:27;1ş SPLIT;Split
a mel é mesmo a campeă mais roubada do league of legends?;2025-02-08 15:32:03+00:00;1481;https://www.youtube.com/watch?v=uA2HDV7aOfM;19/02/2025;1ş SPLIT - Split;shorts;01:01;1ş SPLIT;Split
BALANÇO DA LTA E PAPO COM A COACHING STAFF | VIVO APRESENTA;2025-02-10 21:10:18+00:00;4968;https://www.youtube.com/watch?v=Kvj4YNaOjNw;21/02/2025;1ş SPLIT - Split;patrocinado;10:54;1ş SPLIT;Split
Ganhar um split ainda esse ano;2025-02-10 15:31:39+00:00;794;https://www.youtube.com/watch?v=5MWmt1E6AII;21/02/2025;1ş SPLIT - Split;shorts;00:32;1ş SPLIT;Split
ESTRELABET É VIVO KEYD STARS;2025-02-11 15:00:56+00:00;669;https://www.youtube.com/watch?v=nSbgePtGR4k;25/02/2025;1ş SPLIT - Pós;patrocinado;02:38;1ş SPLIT;Pós
a mel medarda é counterada FÁCIL por esses aqui ?? #leagueoflegends #melmedarda #arcane #lolbr;2025-02-12 15:06:46+00:00;1299;https://www.youtube.com/watch?v=SqMBsFaXwV4;27/02/2025;1ş SPLIT - Pós;shorts;01:01;1ş SPLIT; Pós
QUEM SABE MAIS DE LOL? | SEEEL DO MILHĂO;2025-02-13 15:01:09+00:00;5688;https://www.youtube.com/watch?v=muBPWCwBh4A;28/02/2025;1ş SPLIT - Pós;interativo;08:33;1ş SPLIT; Pós
Qual habilidade dá mais dano?;2025-02-14 21:00:08+00:00;540;https://www.youtube.com/watch?v=Tow8VOYnw_4;28/02/2025;1ş SPLIT - Pós;shorts;01:01;1ş SPLIT; Pós
segue a programaçăo #carnaval #leagueoflegends #leagueoflegendsbrasil #leagueoegendsmemes;2025-02-18 15:15:15+00:00;656;https://www.youtube.com/watch?v=InI3FuKk6BI;03/03/2025;FORA DO PERÍODO;shorts;00:13;FORA DO ;RÍODO
GRINGOS EXPERIMENTAM COMIDAS BRASILEIRAS | VIVO EXPERIĘNCIA;2025-02-20 21:00:51+00:00;13729;https://www.youtube.com/watch?v=R4fgSzwFacA;14/03/2025;FORA DO PERÍODO;interativo;09:42;FORA DO ;RÍODO
será que tapioca é tăo ruim assim? kkkkkk;2025-02-20 19:15:28+00:00;2250;https://www.youtube.com/watch?v=D3EiqoW_dGw;14/03/2025;FORA DO PERÍODO;shorts;00:58;FORA DO ;RÍODO
VKS ACADEMY NO CIRCUITO DESAFIANTE 2025;2025-02-22 21:00:40+00:00;684;https://www.youtube.com/watch?v=GhVOEWT2V00;17/03/2025;FORA DO PERÍODO;anuncio;01:12;FORA DO ;RÍODO
a missăo secreta entre smolder e aurelion sol ?? #leagueoflegends #smolder #aurelionsol #lolbr;2025-02-24 21:13:02+00:00;4862;https://www.youtube.com/watch?v=IxBpfZxuHlA;22/03/2025;FORA DO PERÍODO;shorts;00:46;FORA DO ;RÍODO
o novo modo arena só dura mais um męs! já jogou depois das mudanças? #leagueoflegends #modoarena;2025-02-26 22:38:16+00:00;1616;https://www.youtube.com/watch?v=1fZJmZcpFu8;27/03/2025;FORA DO PERÍODO;shorts;00:56;FORA DO ;RÍODO
QUEM SABE MAIS MEMES DO CENÁRIO DE LOL?;2025-02-27 21:03:34+00:00;1543;https://www.youtube.com/watch?v=REEu5F7NyaI;28/03/2025;FORA DO PERÍODO;interativo;10:32;FORA DO ;RÍODO
perdi tudo na imitaçăo do morttheus kkkkkk #leagueoflegends #memeslol;2025-02-28 18:14:24+00:00;4987;https://www.youtube.com/watch?v=d9j0oyz7WC0;28/03/2025;FORA DO PERÍODO;shorts;00:28;FORA DO ;RÍODO
ADIVINHE O CAMPEĂO DO LOL!;2025-03-07 21:09:36+00:00;1565;https://www.youtube.com/watch?v=82PfS-mnuWU;31/03/2025;2ş SPLIT - Pré;interativo;13:30;2ş SPLIT; Pré
Quem adivinha o campeăo do LoL mais rápido?;2025-03-07 18:01:11+00:00;2951;https://www.youtube.com/watch?v=pkI_xBZhV5U;31/03/2025;2ş SPLIT - Pré;shorts;00:30;2ş SPLIT;Pré
eu faço a cara, vocę faz o som ??;2025-03-09 19:21:54+00:00;337;https://www.youtube.com/watch?v=4jiFiZQlzvE;03/04/2025;2ş SPLIT - Pré;shorts;01:29;2ş SPLIT; Pré
"""VOCĘS SĂO RUINS!"" | Decode the Call | LTA Sul";2025-03-10 14:58:45+00:00;2680;https://www.youtube.com/watch?v=38MUL0oJIMc;08/04/2025;2ş SPLIT - Split;na_escuta;07:05;2ş SPLIT;Split
o trymbi aprendeu portuguęs direitinho ??;2025-03-11 15:06:40+00:00;9018;https://www.youtube.com/watch?v=260c0ktDyJM;08/04/2025;2ş SPLIT - Split;shorts;00:22;2ş SPLIT;Split
2-0 NA ESTREIA! | Behind the Stars | LTA Sul;2025-03-12 21:11:26+00:00;5571;https://www.youtube.com/watch?v=_NdOoVEXd2E;10/04/2025;2ş SPLIT - Split;serie_vlog;23:24;2ş SPLIT;Split
europeus unidos jamais serăo vencidos #leagueoflegends;2025-03-12 14:56:00+00:00;1790;https://www.youtube.com/watch?v=BYiKiKDyx-g;10/04/2025;2ş SPLIT - Split;shorts;00:56;2ş SPLIT;Split
melhor jungler e nerd de lol, o disas já avisou o boal - a @SavicoreInc tem conhecimento no precin;2025-03-14 15:02:02+00:00;3721;https://www.youtube.com/watch?v=vWMLsQEMwKg;15/04/2025;2ş SPLIT - Split;shorts;01:11;2ş SPLIT;Split
"""VOCĘ PEGOU O AQUAMAN, CARA..."" | Decode the Call | LTA Sul";2025-03-18 23:17:44+00:00;2871;https://www.youtube.com/watch?v=vlxodcXaBb8;16/04/2025;2ş SPLIT - Split;na_escuta;09:01;2ş SPLIT;Split
quem nunca quis dar base com o jogo ganho só pra brincar mais ?? #leagueoflegends;2025-03-18 15:08:51+00:00;3732;https://www.youtube.com/watch?v=QS2QkET1gGU;16/04/2025;2ş SPLIT - Split;shorts;00:22;2ş SPLIT;Split
a única resposta certa é a última ?? e ele năo tava ouvindo nada (isolamento prime da havit);2025-03-18 13:13:09+00:00;3541;https://www.youtube.com/watch?v=vsR7daY2T_w;17/04/2025;2ş SPLIT - Split;shorts;00:31;2ş SPLIT;Split
o momento que eu mais espero em todo Behind the Stars: o review #leagueoflegends;2025-03-20 23:01:10+00:00;1838;https://www.youtube.com/watch?v=3DomIHzYsfE;17/04/2025;2ş SPLIT - Split;serie_vlog;01:00;2ş SPLIT;Split
"""MUITO DEVAGAR"" | Decode the Call | LTA Sul";2025-03-20 15:00:26+00:00;2479;https://www.youtube.com/watch?v=i61j-1r5bVs;23/04/2025;2ş SPLIT - Split;na_escuta;10:42;2ş SPLIT;Split
0-3 na Super Semana | Behind the Stars | LTA Sul;2025-03-21 20:53:35+00:00;7364;https://www.youtube.com/watch?v=Xg6K4F5BAa0;24/04/2025;2ş SPLIT - Split;serie_vlog;00:34:51;2ş SPLIT;Split
disamis deu um soco na parede no treino;2025-03-21 15:01:42+00:00;6037;https://www.youtube.com/watch?v=9y5y-w1PeDU;25/04/2025;2ş SPLIT - Split;shorts;00:50;2ş SPLIT;Split
papo de maluco by isolamento Havit;2025-03-22 21:42:16+00:00;2594;https://www.youtube.com/watch?v=kg_hJTQtaPw;28/04/2025;2ş SPLIT - Split;shorts;00:47;2ş SPLIT;Split
"""NĂO SEJAM COVARDES!"" | Decode the Call | LTA Sul";2025-03-24 19:21:39+00:00;1921;https://www.youtube.com/watch?v=PzGYgIqTjVY;30/04/2025;2ş SPLIT - Split;na_escuta;08:11;2ş SPLIT;Split
RESOLVENDO PROBLEMAS | Behind the Stars | LTA Sul;2025-03-25 14:35:38+00:00;5103;https://www.youtube.com/watch?v=Sy75lbYFDjA;01/05/2025;2ş SPLIT - Split;serie_vlog;00:26:05;2ş SPLIT;Split
por isso o SeeEl escolheu o Morttheus;2025-03-26 21:00:30+00:00;4050;https://www.youtube.com/watch?v=9YT-tw70eiw;01/05/2025;2ş SPLIT - Split;shorts;00:41;2ş SPLIT;Split
Decisőes Ruins | Decode the Call | LTA Sul;2025-03-28 14:58:35+00:00;2707;https://www.youtube.com/watch?v=G8RlcG38OIk;07/05/2025;2ş SPLIT - Split;na_escuta;11:40;2ş SPLIT;Split
SEM MAIS DESCULPAS | Behind the Stars | LTA Sul;2025-04-01 15:18:01+00:00;8241;https://www.youtube.com/watch?v=6KnRWzTeChs;08/05/2025;2ş SPLIT - Split;serie_vlog;00:31:23;2ş SPLIT;Split
o clima do Behind the Stars com derrota...;2025-04-04 20:59:00+00:00;826;https://www.youtube.com/watch?v=GDVmWSSfJug;09/05/2025;2ş SPLIT - Split;serie_vlog;00:54;2ş SPLIT;Split
SAROLU JOGADAS | Jogo Rápido da Vivo;2025-04-08 16:15:02+00:00;903;https://www.youtube.com/watch?v=mIC4BnR3Mxk;12/05/2025;2ş SPLIT - Split;interativo;06:56;2ş SPLIT;Split
100 humanos ou 1 gorila?;2025-04-09 16:08:23+00:00;5475;https://www.youtube.com/watch?v=1sFyZs6iHAQ;12/05/2025;2ş SPLIT - Split;shorts;00:44;2ş SPLIT;Split
"""VAMOS GRITAR!""  | Decode the Call | LTA Sul";2025-04-10 21:25:30+00:00;2682;https://www.youtube.com/watch?v=ZgkhNuiSKeo;13/05/2025;2ş SPLIT - Split;na_escuta;08:13;2ş SPLIT;Split
gritar é cringe?;2025-04-10 15:05:17+00:00;2644;https://www.youtube.com/watch?v=rh2NzRKrb9U;14/05/2025;2ş SPLIT - Split;shorts;00:30;2ş SPLIT;Split
CLASSIFICADOS | Behind the Stars | LTA Sul;2025-04-11 21:00:34+00:00;4395;https://www.youtube.com/watch?v=-5Vn67wUzRA;15/05/2025;2ş SPLIT - Split;serie_vlog;17:49;2ş SPLIT;Split
o SeeEL năo concordou muito...;2025-04-11 14:41:55+00:00;1288;https://www.youtube.com/watch?v=nm2jdR81m54;16/05/2025;2ş SPLIT - Split;shorts;00:24;2ş SPLIT;Split
qual é o melhor anime?;2025-04-15 14:59:57+00:00;4541;https://www.youtube.com/watch?v=SYHE4GW4GQ4;16/05/2025;2ş SPLIT - Split;shorts;00:57;2ş SPLIT;Split
o ProDelta no Behind the Stars KKKK;2025-04-17 22:07:58+00:00;1612;https://www.youtube.com/watch?v=16GOceSyLaY;17/05/2025;2ş SPLIT - Split;serie_vlog;00:14;2ş SPLIT;Split
capităo Trymbi callando a fight toda;2025-04-17 15:00:13+00:00;1847;https://www.youtube.com/watch?v=9tLy7u-b15k;17/05/2025;2ş SPLIT - Split;shorts;00:48;2ş SPLIT;Split
"""só um beijinho, Disamis""";2025-04-18 21:00:06+00:00;807;https://www.youtube.com/watch?v=QtQiLQoGl6U;18/05/2025;2ş SPLIT - Split;shorts;00:26;2ş SPLIT;Split
coitada da Sejuani;2025-04-20 21:10:23+00:00;2282;https://www.youtube.com/watch?v=SSUaAb5W_C0;18/05/2025;2ş SPLIT - Split;shorts;00:36;2ş SPLIT;Split
o capacete năo entra KKKKKK;2025-04-22 21:00:46+00:00;1414;https://www.youtube.com/watch?v=OrpSzgTyqA0;19/05/2025;2ş SPLIT - Pós;shorts;00:16;2ş SPLIT;Pós
"""ELE ESTÁ TROLLANDO"" | Decode the Call | LTA Sul";2025-04-22 15:10:15+00:00;2059;https://www.youtube.com/watch?v=kQdkPT_UayU;21/05/2025;2ş SPLIT - Pós;na_escuta;09:28;2ş SPLIT;Pós
o Morttheus gritando em 2 idiomas KKKKKK;2025-04-23 15:01:25+00:00;7056;https://www.youtube.com/watch?v=sPujA_iteeY;22/05/2025;2ş SPLIT - Pós;shorts;00:17;2ş SPLIT;Pós
"""foi culpa do Disamis""";2025-04-24 15:37:03+00:00;989;https://www.youtube.com/watch?v=xbA07-A5xP4;22/05/2025;2ş SPLIT - Pós;shorts;00:48;2ş SPLIT;Pós
AGORA É PLAYOFFS | Behind the Stars | LTA Sul;2025-04-25 21:30:07+00:00;5628;https://www.youtube.com/watch?v=uKWkt-AQ5BU;22/05/2025;2ş SPLIT - Pós;serie_vlog;00:25:36;2ş SPLIT;Pós
"""vocęs năo conseguem desviar??""";2025-04-25 15:08:08+00:00;1878;https://www.youtube.com/watch?v=OXFq84lMSrU;23/05/2025;2ş SPLIT - Pós;shorts;00:14;2ş SPLIT;Pós
a cobrança do Coach SeeEl vai aumentar...;2025-04-28 21:10:45+00:00;938;https://www.youtube.com/watch?v=tORYeGeGcT0;23/05/2025;2ş SPLIT - Pós;shorts;00:55;2ş SPLIT;Pós
o cara pickou Kayn em campeonato ??;2025-04-28 17:23:44+00:00;4861;https://www.youtube.com/watch?v=K7xJVNm6oHg;23/05/2025;2ş SPLIT - Pós;shorts;00:31;2ş SPLIT;Pós
eu tenho medo da Vivo Kareca Stars;2025-04-29 15:00:47+00:00;677;https://www.youtube.com/watch?v=mn7xw25XBLA;24/05/2025;2ş SPLIT - Pós;patrocinado;00:56;2ş SPLIT;Pós
PLAYOFFS MODE: ON;2025-05-01 15:00:42+00:00;1356;https://www.youtube.com/watch?v=iuqMWYC8XPI;24/05/2025;2ş SPLIT - Pós;shorts;01:13;2ş SPLIT;Pós
os presentinhos que a torcida mandou pra VKS ??;2025-05-02 21:00:03+00:00;958;https://www.youtube.com/watch?v=rCC3cU3dfdg;25/05/2025;2ş SPLIT - Pós;shorts;00:32;2ş SPLIT;Pós
Boal e as ideias de conteúdo ??;2025-05-05 15:08:37+00:00;1591;https://www.youtube.com/watch?v=xHyDD3UpVyk;26/05/2025;FORA DO PERÍODO;shorts;00:37;FORA DO ;RÍODO
o Modo Arena deveria ser permanente no LoL?;2025-05-06 21:19:27+00:00;906;https://www.youtube.com/watch?v=t_youQjRKzI;27/05/2025;FORA DO PERÍODO;shorts;00:48;FORA DO ;RÍODO
INACEITÁVEL | Behind the Stars | LTA Sul;2025-05-06 15:45:01+00:00;7739;https://www.youtube.com/watch?v=mok_1RGDlJo;29/05/2025;FORA DO PERÍODO;serie_vlog;22:38;FORA DO ;RÍODO
SeeEL pistola no Behind the Stars ??;2025-05-07 21:04:56+00:00;3993;https://www.youtube.com/watch?v=fsc4wzEsqhk;29/05/2025;FORA DO PERÍODO;serie_vlog;00:37;FORA DO ;RÍODO
"""isso năo é LoL""";2025-05-08 15:23:20+00:00;2102;https://www.youtube.com/watch?v=n-hBk8coMZY;30/05/2025;FORA DO PERÍODO;shorts;00:53;FORA DO ;RÍODO
TOP broncas do Coach SeeEL;2025-05-09 18:15:27+00:00;5078;https://www.youtube.com/watch?v=LkgKMyuXAJM;30/05/2025;FORA DO PERÍODO;shorts;00:17;FORA DO ;RÍODO
o segredo do Boal é Bwipo e CR7;2025-05-09 15:59:06+00:00;3566;https://www.youtube.com/watch?v=51Sy81vNlMw;01/06/2025;FORA DO PERÍODO;shorts;00:22;FORA DO ;RÍODO
o SeeEL pediu pra cortar o Behind the Stars?;2025-05-12 21:09:02+00:00;1051;https://www.youtube.com/watch?v=UDDStaHYBpM;01/06/2025;FORA DO PERÍODO;serie_vlog;00:44;FORA DO ;RÍODO
tinha um Xin Zhao fazendo o Red...;2025-05-12 15:44:40+00:00;5093;https://www.youtube.com/watch?v=J1-PHB73a5g;02/06/2025;FORA DO PERÍODO;shorts;00:54;FORA DO ;RÍODO
"""QUE ROUBO"" | Decode the Call | LTA Sul";2025-05-13 21:04:16+00:00;3544;https://www.youtube.com/watch?v=U1F34UaqOo4;04/06/2025;FORA DO PERÍODO;na_escuta;12:06;FORA DO ;RÍODO
a comunicaçăo da virada contra a RED;2025-05-13 15:59:06+00:00;1522;https://www.youtube.com/watch?v=hAmqpAmSKio;04/06/2025;FORA DO PERÍODO;shorts;00:27;FORA DO ;RÍODO
QUADRA DO SMILEY NO CIRCUITĂO;2025-05-14 21:05:32+00:00;2144;https://www.youtube.com/watch?v=HdFz6oFccCM;04/06/2025;FORA DO PERÍODO;shorts;00:25;FORA DO ;RÍODO
PENTA DO SMILEY DE EZREAL ??;2025-05-15 15:29:07+00:00;1527;https://www.youtube.com/watch?v=JVwBTwh3kA8;04/06/2025;FORA DO PERÍODO;shorts;00:10;FORA DO ;RÍODO
FREGUESIA | Behind the Stars | LTA Sul;2025-05-16 20:59:06+00:00;10709;https://www.youtube.com/watch?v=b941c33iG9Q;05/06/2025;FORA DO PERÍODO;serie_vlog;00:30:01;FORA DO ;RÍODO
todo dia tem bronca do Coach SeeEL ??;2025-05-17 18:58:02+00:00;1242;https://www.youtube.com/watch?v=pWAX4s1o2DM;05/06/2025;FORA DO PERÍODO;shorts;00:19;FORA DO ;RÍODO
Morttheus falou sobre o 0-3 contra a FURIA;2025-05-18 18:31:35+00:00;973;https://www.youtube.com/watch?v=4TDPigCp-g8;06/06/2025;FORA DO PERÍODO;shorts;01:13;FORA DO ;RÍODO
Disamis é o capităo ou o papagaio?;2025-05-19 20:58:40+00:00;1167;https://www.youtube.com/watch?v=DUcEWMOO6AM;06/06/2025;FORA DO PERÍODO;shorts;00:22;FORA DO ;RÍODO
Lá ele Coach SeeEL ??;2025-05-20 15:06:53+00:00;1755;https://www.youtube.com/watch?v=TgPzX4tTQgY;07/06/2025;FORA DO PERÍODO;shorts;00:21;FORA DO ;RÍODO
?? coach of love ativado ??;2025-05-21 13:38:53+00:00;1576;https://www.youtube.com/watch?v=GFWEIowxTfc;12/06/2025;FORA DO PERÍODO;shorts;00:38;FORA DO ;RÍODO
ELIMINAÇĂO | Behind the Stars | LTA Sul;2025-05-22 20:59:06+00:00;11604;https://www.youtube.com/watch?v=jA7vabpUx2g;12/06/2025;FORA DO PERÍODO;serie_vlog;00:36:24;FORA DO ;RÍODO
"""esse pode ser o nosso último dia""";2025-05-22 15:03:58+00:00;815;https://www.youtube.com/watch?v=8_3Pk0nGFq4;13/06/2025;FORA DO PERÍODO;shorts;00:48;FORA DO ;RÍODO
"""jogamos igual contra a RED só que...""";2025-05-22 14:59:00+00:00;1469;https://www.youtube.com/watch?v=yVlpk12PRMw;13/06/2025;FORA DO PERÍODO;shorts;00:26;FORA DO ;RÍODO
O FIM | Decode the Call | LTA Sul;2025-05-23 21:00:07+00:00;739;https://www.youtube.com/watch?v=v4iYkjegCqA;13/06/2025;FORA DO PERÍODO;na_escuta;07:15;FORA DO ;RÍODO
"""năo fui o líder que deveria ter sido""";2025-05-26 19:15:57+00:00;1217;https://www.youtube.com/watch?v=jbdDA8FvQxY;14/06/2025;FORA DO PERÍODO;shorts;00:29;FORA DO ;RÍODO
Coach SeeEL falou sobre o terceiro split;2025-05-26 15:03:11+00:00;2141;https://www.youtube.com/watch?v=e1LFD7oKwUs;16/06/2025;FORA DO PERÍODO;shorts;01:19;FORA DO ;RÍODO
Crocs do Relâmpago McQueen ?;2025-05-27 15:05:47+00:00;3702;https://www.youtube.com/watch?v=upZnlb32OZM;17/06/2025;FORA DO PERÍODO;shorts;00:31;FORA DO ;RÍODO
MUDANÇAS NA KEYD PARA O TERCEIRO SPLIT;2025-05-29 23:00:30+00:00;21161;https://www.youtube.com/watch?v=vDyQmpmyVPE;19/06/2025;FORA DO PERÍODO;interativo;08:04;FORA DO ;RÍODO
se o Boal falou eu confio ??;2025-05-29 21:00:44+00:00;2209;https://www.youtube.com/watch?v=xZoSOLeFiHI;30/06/2025;FORA DO PERÍODO;shorts;00:45;FORA DO ;RÍODO
o Mireu năo foi obrigado a gravar isso;2025-05-29 14:59:07+00:00;8519;https://www.youtube.com/watch?v=ALa6rYqVIXg;30/06/2025;FORA DO PERÍODO;anuncio;00:11;FORA DO ;RÍODO
saudades do Behind the Stars?;2025-05-30 22:01:11+00:00;1640;https://www.youtube.com/watch?v=L5vgHjE9oT8;02/07/2025;FORA DO PERÍODO;serie_vlog;01:24;FORA DO ;RÍODO
GRIFF É VKS! ????;2025-05-30 20:59:08+00:00;2130;https://www.youtube.com/watch?v=rUZY_t4C-_s;03/07/2025;FORA DO PERÍODO;shorts;01:08;FORA DO ;RÍODO
VKS x Havit | Jogue como um Guerreiro;2025-05-31 19:28:23+00:00;1160;https://www.youtube.com/watch?v=pBsFwqikt88;04/07/2025;FORA DO PERÍODO;anuncio;01:15;FORA DO ;RÍODO
Essa é a campeă mais forte do MSI? ??;2025-05-31 15:26:02+00:00;2030;https://www.youtube.com/watch?v=_v_DnU26_MY;11/07/2025;FORA DO PERÍODO;shorts;01:01;FORA DO ;RÍODO
GRIFF, O PROFESSOR | Jogo Rápido da Vivo;2025-06-02 13:27:43+00:00;777;https://www.youtube.com/watch?v=2tYUh2CiLYY;14/07/2025;FORA DO PERÍODO;interativo;04:38;FORA DO ;RÍODO
Griff o sommelier de livros...;2025-06-03 21:06:03+00:00;6432;https://www.youtube.com/watch?v=ykErG9GshNw;14/07/2025;FORA DO PERÍODO;shorts;00:21;FORA DO ;RÍODO
KEYD NO BOOTCAMP EM LOS ANGELES;2025-06-04 21:01:19+00:00;4250;https://www.youtube.com/watch?v=bIDet6uQK-M;17/07/2025;FORA DO PERÍODO;serie_vlog;09:37;FORA DO ;RÍODO
quero ver quem năo sobe de elo agora... comenta aí quais mids vocę tem mais jogado ??;2025-06-04 15:27:40+00:00;2153;https://www.youtube.com/watch?v=lK28GpHylq4;18/07/2025;FORA DO PERÍODO;shorts;01:03;FORA DO ;RÍODO
Havit fortaleceu o bootcamp em LA ??;2025-06-05 14:59:01+00:00;496;https://www.youtube.com/watch?v=1AyDlsvjrys;21/07/2025;3ş SPLIT - Pré;serie_vlog;00:22;3ş SPLIT;Pré
Disamis ensinando portuguęs pro DIG Sheiden;2025-06-06 17:48:14+00:00;1400;https://www.youtube.com/watch?v=UpwRpI_lQqA;22/07/2025;3ş SPLIT - Pré;shorts;01:22;3ş SPLIT;Pré
CAIO DANÇARINO NOVO STREAMER DA VKS;2025-06-07 18:56:52+00:00;667;https://www.youtube.com/watch?v=pj5lPCLutzA;23/07/2025;3ş SPLIT - Pré;shorts;00:31;3ş SPLIT; Pré
Um uniforme especial para uma comemoraçăo especial.;2025-06-07 15:00:24+00:00;1499;https://www.youtube.com/watch?v=R4E-3CGcfqQ;24/07/2025;3ş SPLIT - Pré;shorts;00:16;3ş SPLIT;Pré
O NOVO UNIFORME DA VKS;2025-06-09 21:00:14+00:00;1951;https://www.youtube.com/watch?v=eoMalSxp0h4;25/07/2025;3ş SPLIT - Pré;anuncio;00:51;3ş SPLIT;Pré
5 COISAS MAIS TILTANTES DA SOLO Q;2025-06-09 18:00:27+00:00;1452;https://www.youtube.com/watch?v=bNercQKCQH8;28/07/2025;3ş SPLIT - Split;shorts;02:12;3ş SPLIT;Split
BATEMOS NA LOUD | Behind the Stars | LTA Sul;2025-06-09 15:07:14+00:00;7255;https://www.youtube.com/watch?v=DJYbiGWoTRU;31/07/2025;3ş SPLIT - Split;serie_vlog;00:29:13;3ş SPLIT;Split
mantenha a calma e venha de Behind The Stars;2025-06-10 14:59:06+00:00;1946;https://www.youtube.com/watch?v=E9FUfcYQJvw;31/07/2025;3ş SPLIT - Split;serie_vlog;00:31;3ş SPLIT;Split
Smiley tá odiando ser coach?;2025-06-11 21:09:22+00:00;1805;https://www.youtube.com/watch?v=80HPOljrAIs;01/08/2025;3ş SPLIT - Split;shorts;00:35;3ş SPLIT;Split
o Mireu é o Faker do SeeEL ??;2025-06-12 21:00:06+00:00;2008;https://www.youtube.com/watch?v=4Tyzeq4-hng;01/08/2025;3ş SPLIT - Split;shorts;00:37;3ş SPLIT;Split
"""Acho que vocę jogou mal"" | Decode the Call | LTA Sul";2025-06-13 23:00:26+00:00;2108;https://www.youtube.com/watch?v=MI9PCLR33Dk;01/08/2025;3ş SPLIT - Split;na_escuta;08:58;3ş SPLIT;Split
o primeiro AU AU AU do Mireu;2025-06-13 21:42:29+00:00;1069;https://www.youtube.com/watch?v=44Zpxg-lZ2g;02/08/2025;3ş SPLIT - Split;shorts;00:19;3ş SPLIT;Split
todo mundo sério e o Mireu ??;2025-06-14 19:20:43+00:00;23584;https://www.youtube.com/watch?v=dTUTkJCa2tU;02/08/2025;3ş SPLIT - Split;shorts;00:16;3ş SPLIT;Split
Smiley ficou surpreso com o LOUD Gryffin;2025-06-15 16:52:57+00:00;1861;https://www.youtube.com/watch?v=FPMNwkEek8E;02/08/2025;3ş SPLIT - Split;shorts;00:23;3ş SPLIT;Split
o Decode the Call tá de cara nova ??;2025-06-15 15:55:47+00:00;1556;https://www.youtube.com/watch?v=aC9J3OZRLLc;04/08/2025;3ş SPLIT - Split;na_escuta;01:05;3ş SPLIT;Split
OFICIAL: OS PIORES CAMPEŐES DO LOL;2025-06-15 15:06:01+00:00;2173;https://www.youtube.com/watch?v=KuOLahE_t3o;04/08/2025;3ş SPLIT - Split;shorts;01:56;3ş SPLIT;Split
"""Feio é năo fazer gol"" | Decode the Call | LTA Sul";2025-06-20 21:52:31+00:00;1934;https://www.youtube.com/watch?v=coy80-XbsPU;06/08/2025;3ş SPLIT - Split;na_escuta;09:57;3ş SPLIT;Split
Smiley ficou louco com essa jogada...;2025-06-20 14:59:06+00:00;4219;https://www.youtube.com/watch?v=4RHtfcItJxs;06/08/2025;3ş SPLIT - Split;shorts;00:31;3ş SPLIT;Split
MUITO A MELHORAR | Behind the Stars | LTA Sul;2025-06-26 20:50:20+00:00;3739;https://www.youtube.com/watch?v=_UMvSYTih1c;07/08/2025;3ş SPLIT - Split;serie_vlog;21:23;3ş SPLIT;Split
Episódio novo do BTS disponível com os bastidores da nossa vitória contra a LEV!;2025-06-26 15:45:58+00:00;1565;https://www.youtube.com/watch?v=O29CatDAv9E;07/08/2025;3ş SPLIT - Split;vlog;00:31;3ş SPLIT;Split
vai encarar esse nunu mid full ap do scambola?;2025-07-01 21:51:25+00:00;1892;https://www.youtube.com/watch?v=iRtx0GdLSNM;08/08/2025;3ş SPLIT - Split;shorts;00:22;3ş SPLIT;Split
feliz dia dos pais, Legiăo ??;2025-07-01 15:20:07+00:00;1397;https://www.youtube.com/watch?v=BTD7-HJfab0;10/08/2025;3ş SPLIT - Split;shorts;02:07;3ş SPLIT;Split
o SeeEL se rendeu aos animes?;2025-07-03 15:02:32+00:00;1931;https://www.youtube.com/watch?v=CCkAWlI4XNk;12/08/2025;3ş SPLIT - Split;shorts;00:19;3ş SPLIT;Split
Sarolu cozinhou com essa build pro Jarvan;2025-07-04 21:16:54+00:00;11412;https://www.youtube.com/watch?v=ojAzVrjIve8;13/08/2025;3ş SPLIT - Split;shorts;00:05;3ş SPLIT;Split
O MELHOR JOGO DA HISTÓRIA?;2025-07-04 18:05:12+00:00;1110;https://www.youtube.com/watch?v=i_SbCmo2R2c;13/08/2025;3ş SPLIT - Split;shorts;01:23;3ş SPLIT;Split
"""Jogo difícil"" | Decode the Call | LTA Sul";2025-07-07 21:00:23+00:00;1562;https://www.youtube.com/watch?v=tIo7Z36GTZ4;13/08/2025;3ş SPLIT - Split;na_escuta;11:26;3ş SPLIT;Split
o Smiley sofre no backstage ??;2025-07-07 14:49:16+00:00;1970;https://www.youtube.com/watch?v=OfenPeb6BXw;14/08/2025;3ş SPLIT - Split;shorts;00:17;3ş SPLIT;Split
FRUSTRAÇĂO | Behind the Stars | LTA Sul;2025-07-08 21:00:50+00:00;6530;https://www.youtube.com/watch?v=60cbNpyhBe0;14/08/2025;3ş SPLIT - Split;serie_vlog;00:29:14;3ş SPLIT;Split
o melhor Behind the Stars do split;2025-07-09 21:29:34+00:00;1373;https://www.youtube.com/watch?v=KqVtadIeblo;14/08/2025;3ş SPLIT - Split;serie_vlog;00:48;3ş SPLIT;Split
a VKS joga com medo no stage?;2025-07-09 14:59:00+00:00;619;https://www.youtube.com/watch?v=6xCTJP8pOwY;15/08/2025;3ş SPLIT - Split;shorts;00:40;3ş SPLIT;Split
Essa Yunara está roubadíssima;2025-07-10 21:00:39+00:00;774;https://www.youtube.com/watch?v=rGAbc2tF6aE;15/08/2025;3ş SPLIT - Split;shorts;00:25;3ş SPLIT;Split
os periféricos dos players da VKS ?? Havit x VKS;2025-07-12 15:22:45+00:00;329;https://www.youtube.com/watch?v=iCcWSCROS-A;15/08/2025;3ş SPLIT - Split;shorts;00:22;3ş SPLIT;Split
Coach SeeEL e os playoffs da LTA Sul;2025-07-14 15:17:14+00:00;3003;https://www.youtube.com/watch?v=mkHcLbo4-50;15/08/2025;3ş SPLIT - Split;interativo;03:40;3ş SPLIT;Split
esses săo os melhores campeőes do LoL ??;2025-07-15 21:03:17+00:00;1274;https://www.youtube.com/watch?v=0pEdbsuLc78;15/08/2025;3ş SPLIT - Split;shorts;01:43;3ş SPLIT;Split
com Havit fica fácil dar 3-0 ??;2025-07-16 23:16:33+00:00;610;https://www.youtube.com/watch?v=WeKEeJTWYLY;16/08/2025;3ş SPLIT - Split;shorts;00:17;3ş SPLIT;Split
Boal deu tp pra Los Angeles ??;2025-07-18 18:09:05+00:00;1387;https://www.youtube.com/watch?v=6jDCcgPROHk;18/08/2025;3ş SPLIT - Split;shorts;00:21;3ş SPLIT;Split
será que o griff escolheu um bom ADC?;2025-07-19 21:29:49+00:00;1687;https://www.youtube.com/watch?v=o6sHtgjt7CE;18/08/2025;3ş SPLIT - Split;shorts;01:02;3ş SPLIT;Split
Ambessa + letalidade = GG;2025-07-21 21:00:25+00:00;1023;https://www.youtube.com/watch?v=umiaWxAFr_Q;19/08/2025;3ş SPLIT - Split;shorts;00:31;3ş SPLIT;Split
ITENS QUE DEVERIAM VOLTAR PRO LOL;2025-07-23 21:52:36+00:00;1094;https://www.youtube.com/watch?v=AXFMdganH4c;19/08/2025;3ş SPLIT - Split;shorts;02:15;3ş SPLIT;Split
Trymbi de Thresh = PREDICTION GOD;2025-07-23 15:01:17+00:00;4508;https://www.youtube.com/watch?v=uqcWb285FkU;21/08/2025;3ş SPLIT - Split;shorts;00:25;3ş SPLIT;Split
SEREMOS | Behind the Stars | LTA Sul;2025-07-24 21:00:07+00:00;7366;https://www.youtube.com/watch?v=_gXIRQyUj_M;21/08/2025;3ş SPLIT - Split;serie_vlog;21:44;3ş SPLIT;Split
SeeEL deu folga pros guerreiros ??;2025-07-28 21:00:37+00:00;2062;https://www.youtube.com/watch?v=JIIujtUzVqk;21/08/2025;3ş SPLIT - Split;shorts;00:13;3ş SPLIT;Split
Boal e o buff da plantinha ??;2025-07-28 15:00:53+00:00;799;https://www.youtube.com/watch?v=AfTqhBvHwHo;22/08/2025;3ş SPLIT - Split;shorts;00:45;3ş SPLIT;Split
"""se vencermos hoje o split é nosso""";2025-07-29 15:00:03+00:00;759;https://www.youtube.com/watch?v=PianNZ02lbk;22/08/2025;3ş SPLIT - Split;shorts;01:33;3ş SPLIT;Split
a Keyd hipotética apareceu ?;2025-07-30 21:00:11+00:00;583;https://www.youtube.com/watch?v=QhNHZ684jaI;23/08/2025;3ş SPLIT - Split;shorts;00:42;3ş SPLIT;Split
"""Tatu é um cara de sorte"" | Decode the Call | LTA Sul";2025-07-30 15:07:45+00:00;3064;https://www.youtube.com/watch?v=iGE4jn5PGH4;24/08/2025;3ş SPLIT - Split;na_escuta;12:06;3ş SPLIT;Split
Trymbi de Neeko fingindo ser o Azir do Mireu ??????;2025-07-31 22:41:33+00:00;3597;https://www.youtube.com/watch?v=X_agltDW8Sw;24/08/2025;3ş SPLIT - Split;shorts;00:59;3ş SPLIT;Split
quem tem mais reflexo?;2025-07-31 14:58:54+00:00;15184;https://www.youtube.com/watch?v=UFmdk-H6D8g;25/08/2025;3ş SPLIT - Split;shorts;00:11;3ş SPLIT;Split
BOAL, ADVOGADO OU TI? | Jogo Rápido da Vivo;2025-08-01 21:22:39+00:00;1867;https://www.youtube.com/watch?v=zdB_-6wHQm4;25/08/2025;3ş SPLIT - Split;interativo;07:50;3ş SPLIT;Split
tá tudo bem, boal? ??;2025-08-01 15:06:12+00:00;2476;https://www.youtube.com/watch?v=AUN6_YSvfbI;25/08/2025;3ş SPLIT - Split;shorts;00:47;3ş SPLIT;Split
"""Vamos para as finais, guys"" | Decode the Call | LTA Sul";2025-08-02 14:56:25+00:00;2799;https://www.youtube.com/watch?v=AkcgqUGd4ao;03/09/2025;3ş SPLIT - Split;na_escuta;12:27;3ş SPLIT;Split
no céu tem păo?;2025-08-03 14:48:43+00:00;2120;https://www.youtube.com/watch?v=DMoqmhK9JZI;03/09/2025;3ş SPLIT - Split;shorts;00:39;3ş SPLIT;Split
sem vocęs e a havit nada disso seria possível, estamos ansiosos pelas próximas;2025-08-04 15:01:35+00:00;361;https://www.youtube.com/watch?v=JM50bN9zZqw;03/09/2025;3ş SPLIT - Split;shorts;00:39;3ş SPLIT;Split
e esse quadra kill do morttheus??;2025-08-05 21:00:47+00:00;1491;https://www.youtube.com/watch?v=WZEQo00IFB4;04/09/2025;3ş SPLIT - Split;shorts;00:55;3ş SPLIT;Split
SOMOS UM SÓ | Behind the Stars | LTA Sul;2025-08-05 18:00:07+00:00;7301;https://www.youtube.com/watch?v=7GpZeVnaNyI;04/09/2025;3ş SPLIT - Split;serie_vlog;00:31:26;3ş SPLIT;Split
somos um só;2025-08-05 15:01:28+00:00;1186;https://www.youtube.com/watch?v=oLgaAa9l2HA;04/09/2025;3ş SPLIT - Split;shorts;00:51;3ş SPLIT;Split
e esse roubo de baron?;2025-08-05 15:00:51+00:00;1793;https://www.youtube.com/watch?v=22zfsPuyUJk;05/09/2025;3ş SPLIT - Split;shorts;00:33;3ş SPLIT;Split
năo grita disamis năo grita;2025-08-06 15:04:39+00:00;2057;https://www.youtube.com/watch?v=OnEyQQvh8qI;05/09/2025;3ş SPLIT - Split;shorts;00:43;3ş SPLIT;Split
como sempre a havit deixando a gente forte com esse fone gamer deles.;2025-08-07 21:00:06+00:00;1343;https://www.youtube.com/watch?v=i5JUo8cC_pw;05/09/2025;3ş SPLIT - Split;shorts;01:07;3ş SPLIT;Split
fogueta pegou o morttheus no flagra;2025-08-07 16:54:55+00:00;1199;https://www.youtube.com/watch?v=uMKKWewUCcs;08/09/2025;3ş SPLIT - Pós;shorts;01:20;3ş SPLIT;Pós
que watchparty linda, que clima gostoso com a havit!;2025-08-08 20:22:01+00:00;1388;https://www.youtube.com/watch?v=arjBDGEeINQ;09/09/2025;3ş SPLIT - Pós;shorts;00:42;3ş SPLIT;Pós
a Watch Party dos campeőes da LTA Sul ??;2025-08-08 16:22:20+00:00;876;https://www.youtube.com/watch?v=lmVi7diJXq4;09/09/2025;3ş SPLIT - Pós;shorts;00:45;3ş SPLIT; Pós
eu tenho fé, pastor SeeEL;2025-08-08 16:01:17+00:00;1039;https://www.youtube.com/watch?v=t7MfTobzaFU;10/09/2025;3ş SPLIT - Pós;shorts;01:09;3ş SPLIT; Pós
VKS e Havit rumo ao WORLDS!;2025-08-09 19:00:25+00:00;852;https://www.youtube.com/watch?v=RC3ltC0bd2g;10/09/2025;3ş SPLIT - Pós;shorts;00:34;3ş SPLIT; Pós
Coach Smiley fala e todo mundo escuta;2025-08-09 15:06:55+00:00;1570;https://www.youtube.com/watch?v=ZIHhWlL2Gh0;11/09/2025;3ş SPLIT - Pós;shorts;01:04;3ş SPLIT; Pós
Mireu vivendo o extraordinário ?????;2025-08-11 21:03:44+00:00;3226;https://www.youtube.com/watch?v=iwnaVf54n9E;12/09/2025;3ş SPLIT - Pós;shorts;00:10;3ş SPLIT; Pós
O CAMPEĂO VOLTOU | Behind the Stars | LTA Sul;2025-08-12 15:18:17+00:00;14660;https://www.youtube.com/watch?v=mPEhhp8Umwk;14/09/2025;3ş SPLIT - Pós;serie_vlog;00:33:47;3ş SPLIT; Pós
"""todos me chamaram de louco""";2025-08-12 15:00:55+00:00;2085;https://www.youtube.com/watch?v=Nnwo7O2ThCo;14/09/2025;3ş SPLIT - Pós;shorts;00:42;3ş SPLIT; Pós
